<?xml version="1.0" encoding="UTF-8"?>
<project-private xmlns="http://www.netbeans.org/ns/project-private/1">
    <editor-bookmarks xmlns="http://www.netbeans.org/ns/editor-bookmarks/2" lastBookmarkId="0"/>
    <open-files xmlns="http://www.netbeans.org/ns/projectui-open-files/2">
        <group>
            <file>file:/D:/JAVA%20LAB%20PROJECTS%2029.8/JAVA%20LAB%20PROJECTS/Admission%20INFO%20System/src/admission/info/system/RUETJFrame.java</file>
            <file>file:/D:/JAVA%20LAB%20PROJECTS%2029.8/JAVA%20LAB%20PROJECTS/Admission%20INFO%20System/src/admission/info/system/NSUJFrame.java</file>
            <file>file:/D:/JAVA%20LAB%20PROJECTS%2029.8/JAVA%20LAB%20PROJECTS/Admission%20INFO%20System/src/admission/info/system/PublicJFrame.java</file>
            <file>file:/D:/JAVA%20LAB%20PROJECTS%2029.8/JAVA%20LAB%20PROJECTS/Admission%20INFO%20System/src/admission/info/system/KUETJFrame.java</file>
            <file>file:/D:/JAVA%20LAB%20PROJECTS%2029.8/JAVA%20LAB%20PROJECTS/Admission%20INFO%20System/src/admission/info/system/DuApplyJFrame.java</file>
            <file>file:/D:/JAVA%20LAB%20PROJECTS%2029.8/JAVA%20LAB%20PROJECTS/Admission%20INFO%20System/src/admission/info/system/RajuJFrame.java</file>
            <file>file:/D:/JAVA%20LAB%20PROJECTS%2029.8/JAVA%20LAB%20PROJECTS/Admission%20INFO%20System/src/admission/info/system/PrivateJFrame.java</file>
            <file>file:/D:/JAVA%20LAB%20PROJECTS%2029.8/JAVA%20LAB%20PROJECTS/Admission%20INFO%20System/src/admission/info/system/MenuJFrame.java</file>
            <file>file:/D:/JAVA%20LAB%20PROJECTS%2029.8/JAVA%20LAB%20PROJECTS/Admission%20INFO%20System/src/admission/info/system/DuJFrame.java</file>
            <file>file:/D:/JAVA%20LAB%20PROJECTS%2029.8/JAVA%20LAB%20PROJECTS/Admission%20INFO%20System/src/admission/info/system/UiuJFrame.java</file>
        </group>
    </open-files>
</project-private>
